family,candidate,parameters,oof_auc,log_loss,delta_vs_e4_component,mean_fold_auc,std_fold_auc,fit_seconds,predict_seconds,mean_best_iteration,min_best_iteration,max_best_iteration,fold_1_auc,fold_1_best_iteration,fold_2_auc,fold_2_best_iteration,fold_3_auc,fold_3_best_iteration,fold_4_auc,fold_4_best_iteration,fold_5_auc,fold_5_best_iteration
XGBoost,e4_baseline,"{""base_score"": null, ""booster"": null, ""callbacks"": null, ""colsample_bylevel"": null, ""colsample_bynode"": null, ""colsample_bytree"": 1.0, ""device"": null, ""early_stopping_rounds"": null, ""enable_categorical"": true, ""eval_metric"": ""logloss"", ""feature_types"": null, ""feature_weights"": null, ""gamma"": null, ""grow_policy"": null, ""importance_type"": null, ""interaction_constraints"": null, ""learning_rate"": 0.1, ""max_bin"": null, ""max_cat_threshold"": null, ""max_cat_to_onehot"": null, ""max_delta_step"": null, ""max_depth"": 6, ""max_leaves"": null, ""min_child_weight"": null, ""missing"": NaN, ""monotone_constraints"": null, ""multi_strategy"": null, ""n_estimators"": 300, ""n_jobs"": -1, ""num_parallel_tree"": null, ""objective"": ""binary:logistic"", ""random_state"": 42, ""reg_alpha"": null, ""reg_lambda"": null, ""sampling_method"": null, ""scale_pos_weight"": null, ""subsample"": 1.0, ""tree_method"": ""hist"", ""validate_parameters"": null, ""verbosity"": 0}",0.9609049414923645,0.23003988273893708,1.1102230246251565e-16,0.960907148610597,0.0006750906754413736,11.981247000047006,0.39979212495381944,300.0,300,300,0.9600060857688856,300,0.9607476511772366,300,0.9611547353829546,300,0.9618585545469741,300,0.9607687161769339,300
XGBoost,slow_lr_005,"{""base_score"": null, ""booster"": null, ""callbacks"": null, ""colsample_bylevel"": null, ""colsample_bynode"": null, ""colsample_bytree"": 1.0, ""device"": null, ""early_stopping_rounds"": 75, ""enable_categorical"": true, ""eval_metric"": ""auc"", ""feature_types"": null, ""feature_weights"": null, ""gamma"": null, ""grow_policy"": null, ""importance_type"": null, ""interaction_constraints"": null, ""learning_rate"": 0.05, ""max_bin"": null, ""max_cat_threshold"": null, ""max_cat_to_onehot"": null, ""max_delta_step"": null, ""max_depth"": 6, ""max_leaves"": null, ""min_child_weight"": null, ""missing"": NaN, ""monotone_constraints"": null, ""multi_strategy"": null, ""n_estimators"": 1200, ""n_jobs"": -1, ""num_parallel_tree"": null, ""objective"": ""binary:logistic"", ""random_state"": 42, ""reg_alpha"": null, ""reg_lambda"": null, ""sampling_method"": null, ""scale_pos_weight"": null, ""subsample"": 1.0, ""tree_method"": ""hist"", ""validate_parameters"": null, ""verbosity"": 0}",0.9633915269541988,0.22189711241956725,0.002486585461834445,0.9633925930623821,0.0006640693503442996,122.3531891660241,1.4731711249914952,1198.6,1193,1200,0.9624804850782681,1193,0.9632530368798515,1200,0.9637532522871511,1200,0.9642594958182452,1200,0.9632166952483942,1200
XGBoost,slow_lr_003,"{""base_score"": null, ""booster"": null, ""callbacks"": null, ""colsample_bylevel"": null, ""colsample_bynode"": null, ""colsample_bytree"": 1.0, ""device"": null, ""early_stopping_rounds"": 75, ""enable_categorical"": true, ""eval_metric"": ""auc"", ""feature_types"": null, ""feature_weights"": null, ""gamma"": null, ""grow_policy"": null, ""importance_type"": null, ""interaction_constraints"": null, ""learning_rate"": 0.03, ""max_bin"": null, ""max_cat_threshold"": null, ""max_cat_to_onehot"": null, ""max_delta_step"": null, ""max_depth"": 6, ""max_leaves"": null, ""min_child_weight"": null, ""missing"": NaN, ""monotone_constraints"": null, ""multi_strategy"": null, ""n_estimators"": 1800, ""n_jobs"": -1, ""num_parallel_tree"": null, ""objective"": ""binary:logistic"", ""random_state"": 42, ""reg_alpha"": null, ""reg_lambda"": null, ""sampling_method"": null, ""scale_pos_weight"": null, ""subsample"": 1.0, ""tree_method"": ""hist"", ""validate_parameters"": null, ""verbosity"": 0}",0.9631145771751689,0.2228818527163993,0.0022096356828045227,0.9631155108128084,0.0006755097809123272,178.67343558205175,2.0988030849257484,1799.8,1799,1800,0.9621843013257809,1800,0.9630338722468139,1799,0.963322929396532,1800,0.9640586222111983,1800,0.9629778288837167,1800
XGBoost,depth_4,"{""base_score"": null, ""booster"": null, ""callbacks"": null, ""colsample_bylevel"": null, ""colsample_bynode"": null, ""colsample_bytree"": 1.0, ""device"": null, ""early_stopping_rounds"": 75, ""enable_categorical"": true, ""eval_metric"": ""auc"", ""feature_types"": null, ""feature_weights"": null, ""gamma"": null, ""grow_policy"": null, ""importance_type"": null, ""interaction_constraints"": null, ""learning_rate"": 0.05, ""max_bin"": null, ""max_cat_threshold"": null, ""max_cat_to_onehot"": null, ""max_delta_step"": null, ""max_depth"": 4, ""max_leaves"": null, ""min_child_weight"": null, ""missing"": NaN, ""monotone_constraints"": null, ""multi_strategy"": null, ""n_estimators"": 1200, ""n_jobs"": -1, ""num_parallel_tree"": null, ""objective"": ""binary:logistic"", ""random_state"": 42, ""reg_alpha"": null, ""reg_lambda"": null, ""sampling_method"": null, ""scale_pos_weight"": null, ""subsample"": 1.0, ""tree_method"": ""hist"", ""validate_parameters"": null, ""verbosity"": 0}",0.9604895150934482,0.23125934842395857,-0.0004154263989162299,0.9604909712345545,0.0006636805318000484,109.49705595898558,0.8075879999669269,1200.0,1200,1200,0.9596006003771789,1200,0.9603715526035923,1200,0.9607520931729994,1200,0.9614159546727209,1200,0.9603146553462814,1200
XGBoost,depth_5,"{""base_score"": null, ""booster"": null, ""callbacks"": null, ""colsample_bylevel"": null, ""colsample_bynode"": null, ""colsample_bytree"": 1.0, ""device"": null, ""early_stopping_rounds"": 75, ""enable_categorical"": true, ""eval_metric"": ""auc"", ""feature_types"": null, ""feature_weights"": null, ""gamma"": null, ""grow_policy"": null, ""importance_type"": null, ""interaction_constraints"": null, ""learning_rate"": 0.05, ""max_bin"": null, ""max_cat_threshold"": null, ""max_cat_to_onehot"": null, ""max_delta_step"": null, ""max_depth"": 5, ""max_leaves"": null, ""min_child_weight"": null, ""missing"": NaN, ""monotone_constraints"": null, ""multi_strategy"": null, ""n_estimators"": 1200, ""n_jobs"": -1, ""num_parallel_tree"": null, ""objective"": ""binary:logistic"", ""random_state"": 42, ""reg_alpha"": null, ""reg_lambda"": null, ""sampling_method"": null, ""scale_pos_weight"": null, ""subsample"": 1.0, ""tree_method"": ""hist"", ""validate_parameters"": null, ""verbosity"": 0}",0.962467619997306,0.22504682373346815,0.001562678504941628,0.9624695473359935,0.0006364385259055035,111.8894584599766,1.0945272070239298,1200.0,1200,1200,0.961613275951755,1200,0.9623924955042251,1200,0.9629056073515435,1200,0.9632507644403228,1200,0.9621855934321208,1200
XGBoost,depth_7,"{""base_score"": null, ""booster"": null, ""callbacks"": null, ""colsample_bylevel"": null, ""colsample_bynode"": null, ""colsample_bytree"": 1.0, ""device"": null, ""early_stopping_rounds"": 75, ""enable_categorical"": true, ""eval_metric"": ""auc"", ""feature_types"": null, ""feature_weights"": null, ""gamma"": null, ""grow_policy"": null, ""importance_type"": null, ""interaction_constraints"": null, ""learning_rate"": 0.05, ""max_bin"": null, ""max_cat_threshold"": null, ""max_cat_to_onehot"": null, ""max_delta_step"": null, ""max_depth"": 7, ""max_leaves"": null, ""min_child_weight"": null, ""missing"": NaN, ""monotone_constraints"": null, ""multi_strategy"": null, ""n_estimators"": 1200, ""n_jobs"": -1, ""num_parallel_tree"": null, ""objective"": ""binary:logistic"", ""random_state"": 42, ""reg_alpha"": null, ""reg_lambda"": null, ""sampling_method"": null, ""scale_pos_weight"": null, ""subsample"": 1.0, ""tree_method"": ""hist"", ""validate_parameters"": null, ""verbosity"": 0}",0.9637048560968331,0.22050111655302146,0.0027999146044687118,0.9637056160719568,0.0005594526827791962,127.37583841700689,1.6521637499972712,1199.6,1199,1200,0.9630077173089184,1200,0.9636632138005404,1199,0.9638895395422118,1200,0.9645197538913357,1199,0.9634478558167778,1200
XGBoost,regularized,"{""base_score"": null, ""booster"": null, ""callbacks"": null, ""colsample_bylevel"": null, ""colsample_bynode"": null, ""colsample_bytree"": 1.0, ""device"": null, ""early_stopping_rounds"": 75, ""enable_categorical"": true, ""eval_metric"": ""auc"", ""feature_types"": null, ""feature_weights"": null, ""gamma"": null, ""grow_policy"": null, ""importance_type"": null, ""interaction_constraints"": null, ""learning_rate"": 0.05, ""max_bin"": null, ""max_cat_threshold"": null, ""max_cat_to_onehot"": null, ""max_delta_step"": null, ""max_depth"": 6, ""max_leaves"": null, ""min_child_weight"": 5.0, ""missing"": NaN, ""monotone_constraints"": null, ""multi_strategy"": null, ""n_estimators"": 1200, ""n_jobs"": -1, ""num_parallel_tree"": null, ""objective"": ""binary:logistic"", ""random_state"": 42, ""reg_alpha"": 0.1, ""reg_lambda"": 2.0, ""sampling_method"": null, ""scale_pos_weight"": null, ""subsample"": 1.0, ""tree_method"": ""hist"", ""validate_parameters"": null, ""verbosity"": 0}",0.9634141907820838,0.22187523381985616,0.0025092492897194063,0.9634163496054902,0.0006169245332064652,121.22176450002007,1.3979027919995133,1199.8,1199,1200,0.9625957960660323,1200,0.9633155111430911,1200,0.96367042108614,1200,0.9642752223734564,1199,0.9632247973587307,1200
XGBoost,row_col_sampling,"{""base_score"": null, ""booster"": null, ""callbacks"": null, ""colsample_bylevel"": null, ""colsample_bynode"": null, ""colsample_bytree"": 0.9, ""device"": null, ""early_stopping_rounds"": 75, ""enable_categorical"": true, ""eval_metric"": ""auc"", ""feature_types"": null, ""feature_weights"": null, ""gamma"": null, ""grow_policy"": null, ""importance_type"": null, ""interaction_constraints"": null, ""learning_rate"": 0.05, ""max_bin"": null, ""max_cat_threshold"": null, ""max_cat_to_onehot"": null, ""max_delta_step"": null, ""max_depth"": 6, ""max_leaves"": null, ""min_child_weight"": null, ""missing"": NaN, ""monotone_constraints"": null, ""multi_strategy"": null, ""n_estimators"": 1200, ""n_jobs"": -1, ""num_parallel_tree"": null, ""objective"": ""binary:logistic"", ""random_state"": 42, ""reg_alpha"": null, ""reg_lambda"": null, ""sampling_method"": null, ""scale_pos_weight"": null, ""subsample"": 0.9, ""tree_method"": ""hist"", ""validate_parameters"": null, ""verbosity"": 0}",0.9636722851684882,0.2210827767053168,0.002767343676123857,0.963673813029667,0.0006003937662626288,125.28171837699483,1.5057310829870403,1199.0,1196,1200,0.9628777203968508,1200,0.9636333446615326,1196,0.9638976040194542,1199,0.9645134257441236,1200,0.9634469703263738,1200
XGBoost,gamma_01,"{""base_score"": null, ""booster"": null, ""callbacks"": null, ""colsample_bylevel"": null, ""colsample_bynode"": null, ""colsample_bytree"": 1.0, ""device"": null, ""early_stopping_rounds"": 75, ""enable_categorical"": true, ""eval_metric"": ""auc"", ""feature_types"": null, ""feature_weights"": null, ""gamma"": 0.1, ""grow_policy"": null, ""importance_type"": null, ""interaction_constraints"": null, ""learning_rate"": 0.05, ""max_bin"": null, ""max_cat_threshold"": null, ""max_cat_to_onehot"": null, ""max_delta_step"": null, ""max_depth"": 6, ""max_leaves"": null, ""min_child_weight"": null, ""missing"": NaN, ""monotone_constraints"": null, ""multi_strategy"": null, ""n_estimators"": 1200, ""n_jobs"": -1, ""num_parallel_tree"": null, ""objective"": ""binary:logistic"", ""random_state"": 42, ""reg_alpha"": null, ""reg_lambda"": null, ""sampling_method"": null, ""scale_pos_weight"": null, ""subsample"": 1.0, ""tree_method"": ""hist"", ""validate_parameters"": null, ""verbosity"": 0}",0.9633769329582698,0.22192367375928934,0.0024719914659053766,0.9633784500980553,0.0006119904755882786,119.06480308398022,1.4038842489826493,1199.6,1199,1200,0.9626604936740596,1200,0.963273456613222,1199,0.9636277909933758,1199,0.9642755659097845,1200,0.9630549432998343,1200
